Title,Price,Date
XENOVAURBAN Unisex Oversized Round Neck Solid T-Shirt for Men,599,2026-09-14
XENOVAURBAN Unisex Oversized Round Neck Solid T-Shirt for Men,599,2026-09-14
XENOVAURBAN Unisex Oversized Round Neck Solid T-Shirt for Men,599,2026-09-14
XENOVAURBAN Unisex Oversized Round Neck Solid T-Shirt for Men,599,2026-09-14
XENOVAURBAN Unisex Oversized Round Neck Solid T-Shirt for Men,599,2026-09-14
XENOVAURBAN Unisex Oversized Round Neck Solid T-Shirt for Men,599,2026-09-14
XENOVAURBAN Unisex Oversized Round Neck Solid T-Shirt for Men,599,2026-09-14
XENOVAURBAN Unisex Oversized Round Neck Solid T-Shirt for Men,599,2026-09-14
XENOVAURBAN Unisex Oversized Round Neck Solid T-Shirt for Men,599,2026-09-14
XENOVAURBAN Unisex Oversized Round Neck Solid T-Shirt for Men,599,2026-09-14
XENOVAURBAN Unisex Oversized Round Neck Solid T-Shirt for Men,599,2026-09-14
XENOVAURBAN Unisex Oversized Round Neck Solid T-Shirt for Men,599,2026-09-14
XENOVAURBAN Unisex Oversized Round Neck Solid T-Shirt for Men,599,2026-09-14
XENOVAURBAN Unisex Oversized Round Neck Solid T-Shirt for Men,599,2026-09-14
XENOVAURBAN Unisex Oversized Round Neck Solid T-Shirt for Men,599,2026-09-14
